A7_volts (V),A8_volts (V), amps (A)
0.8, 0, 0
1.0, 0, 0
1.3, 0.004, 0.000005
1.6, 0.027, 0.000023
1.8, 0.18, 0.00018
2.1, 0.50, 0.00054
2.3, 0.799, 0.0008
2.5, 0.98, 0.001
2.8, 1.19, 0.00123
3.1, 1.41, .00140
3.3, 1.67, .00165