volts (V),amps (A)
0,0
0.3,0.00003
0.6,0.00006
1.0,0.00009
1.3,0.00013
1.6,0.00015
1.9,0.00020
2.2,0.00023
2.5,0.00026
2.8,0.00030
3.1,0.00032